ID,User Rating,Reviews,Price
651ccf32-4ba0-4b00-a01b-346c7119d707,4.7,17350,8.0
1f69e5dc-47c7-48ce-93a8-faad875517d2,4.6,2052,22.0
06acc119-0350-4ef3-a0db-68106d508f96,4.7,18979,15.0
31db3672-7158-4dab-b20a-0930534fe007,4.7,21424,6.0
fd57b9be-30a4-46c4-990a-1be3f9cf19fb,4.8,7665,12.0
99f44a6e-829e-4b38-90ad-18536b47d657,4.4,12643,
c43d64b0-b9cc-4c14-970f-876265b745f4,4.7,19735,30.0
7edec7e5-f4f6-4d3b-a56e-b8350db43c0a,4.7,19699,15.0
ce023628-f653-43d4-b709-aafabaa7a73f,4.7,5983,3.0
5915913f-5ac8-4142-91b9-1c72c91fbcb9,4.6,23848,8.0
daf65afd-ce8e-43bb-93db-53557ea73fac,4.6,23848,8.0
0f194f80-ded5-4f6c-83ec-ec92868a21df,4.6,460,2.0
27b97e0a-679c-4891-af39-01e0a1c515f3,4.6,4149,32.0
3c45d0d4-f021-42fe-b986-6424a0f22fa3,4.5,5153,5.0
1f1067ab-cca9-4fbe-8d2e-c5fb5cee1e0f,4.6,5013,17.0
49737519-1eec-475a-a378-43084475ee05,4.5,2313,4.0
a244e7aa-e7e5-4244-93dc-14fc8479ca87,4.6,2925,6.0
7213be95-390e-4b0b-9929-50a892f39ba6,4.4,2951,6.0
d98ed74c-9b2e-4553-a102-faa859cfe4df,4.5,2426,8.0
7101ce09-0c25-4513-aa11-ef6667010829,4.8,9198,13.0
94f9c94a-343a-4c8b-b280-ef43c56cec53,4.6,36348,14.0
3978032a-3d34-4c81-b67f-74b76bdd857c,4.6,36348,14.0
e1801ad0-e0d1-4bef-93f3-a04512bcce2a,3.9,6310,13.0
be9c33ba-39de-4622-8395-57b94d8ef678,4.6,15921,9.0
a342288d-a45a-4647-bca8-a11fdda4e8c4,4.3,12159,13.0
82b3074b-829c-4b93-85b8-a2682552c3fc,4.6,798,5.0
9ac0e6a9-ef3d-405f-8e5b-c7df62d385a0,4.7,9374,9.0
7a1683cc-e2f3-4c22-ba51-6f944facb101,4.2,491,14.0
ba1eb8eb-4030-40f8-8fc9-e4344e791d96,4.6,5360,5.0
73b49051-1f98-4786-a2b7-93eed52e0d3d,4.6,1909,11.0
c1e000f2-6efc-4b4b-b5c6-51f5adc70635,4.8,1296,24.0
b836ed5e-e4ec-4252-8bc4-4f18a0ecbef8,4.7,615,21.0
acf6ded5-e93e-465d-9a68-dc270d515563,4.8,61133,11.0
275a7cd5-d091-4cee-b42b-e0565fbdaf35,4.8,61133,11.0
9a1cd67a-a85e-44b1-8db6-f5b4916cab4c,4.8,11113,15.0
31155fdd-021e-40a8-84e5-0a279f5e1b57,4.7,10070,13.0
a1550712-dddc-4f14-ab5e-840be83004f3,4.7,10070,13.0
b2aeaf9c-3821-40a7-8639-6e87974eabca,4.7,3729,18.0
619bb494-2616-43bf-bd8c-bedffdb4d935,4.6,9769,13.0
7846ad71-69d0-496b-b26b-06da459d8f42,4.5,471,8.0
7420175c-13d5-4c1c-a49f-0e54b3f14acd,4.9,14344,5.0
4a214f8a-783f-4288-82a2-6a9cc6cdf320,4.9,14344,5.0
bf92cc15-6430-470a-9ed7-c6bd7f9c1f61,4.8,4505,0.0
b54710e8-a6ca-44be-8077-c3fceecad637,4.6,10369,4.0
680ca3e8-026f-4302-9ed1-7aa1d55ae948,4.8,16244,18.0
8ba525f3-17a8-4c55-b87d-29e807e94599,4.5,2884,28.0
8e2909e2-d149-4a07-b311-4512f8cf64f0,4.7,22614,11.0
5000b157-c434-4c23-ad52-c55474cda3ee,4.7,22614,11.0
3b347c26-0ddb-4027-8bbd-923c9cb05c06,4.7,22614,11.0
b6de348c-c321-4f08-91cf-f5f0107494b9,4.7,4761,16.0
eadf0bda-56c8-4cf5-b183-5d42335b39ba,4.7,1542,14.0
98e4fa41-2b10-4743-80c6-8375044ad6b5,4.7,1542,14.0
b09f6041-6cfe-4ba2-b27f-4868a49c12be,4.7,1542,14.0
732fe691-7ac5-4670-8fc3-f72f90e503a2,4.3,6143,8.0
63034ab6-0623-42f4-ad63-26bb47021810,4.8,4022,4.0
77c4c61b-5ed2-460a-b907-dfd431a930cc,4.8,3871,5.0
ebdd7a53-8a25-4244-84ad-df3d87b838e9,4.6,4866,11.0
7d54767f-afc9-4a65-981c-77b2801fa403,4.6,4866,11.0
25b6e945-0f98-4170-a457-c480c57f9401,4.8,1329,10.0
b8567070-2413-45e2-9ce2-4066e39c812f,4.4,4642,13.0
b3d86a2f-953f-4cdd-8147-98d20403b02e,4.6,1541,4.0
ea63f8a2-e296-4de4-8459-696c1fd78542,4.3,1924,8.0
f2871134-a5b5-4e80-987d-5191ec6a5ebc,4.2,2094,4.0
e03a8072-ddf0-4381-b818-70633f0ee298,4.8,10922,5.0
002f67cf-afce-4efa-b704-07e9bc4b0487,4.8,10922,5.0
8704c426-4943-4218-abec-cf69063cc0ac,4.8,10922,5.0
a63b5788-9223-432b-8f27-639b48fd85c1,4.8,10922,5.0
6ff4f45e-e63c-46d8-8f69-ee195394536f,4.6,2137,17.0
1e9a236a-e18c-4aa1-9816-f16986e2676a,4.6,1651,15.0
4a35cbc6-f0c4-489b-bd98-7e5195d87c9b,4.5,6679,105.0
7b9db43b-80d0-49eb-9404-954a833e6194,4.5,6679,105.0
6a4e3501-ce71-454c-a290-488119ef2c8a,4.8,6812,0.0
dc77f750-637a-40e9-a111-3b0db64b3758,4.8,3837,15.0
f0fee6cf-9c59-40d3-b9d5-ba221ab261ac,4.8,6540,22.0
b2aa1411-363a-417b-9f06-596a5344e3f9,4.6,7955,5.0
95b88293-853f-414a-8062-c74ab63d10d8,4.6,27098,15.0
bb97b282-c4df-46fc-9c6b-62827377cc52,4.6,27098,15.0
19ec7ab5-0dbb-4cd2-90dd-ff1ab5bd90b7,4.5,17684,6.0
990b3586-083a-4f88-97df-3c63edfbc08b,4.6,37,6.0
94d6f808-7d58-4143-98c1-bd182f495d7b,4.7,15845,13.0
f3a482a1-b54b-418e-a212-db43623b3ac2,4.8,3181,12.0
a46a7b05-cfe7-40fb-95bd-e96fd511e0fb,4.9,5062,6.0
ed7f03e9-da13-4df8-8bb3-92942bd4a5b9,4.9,4786,8.0
5c851d83-90fb-493b-a24e-cb7767cb6ade,4.9,7235,4.0
37594402-6d77-4be2-9543-4408e0e2db37,4.9,7235,4.0
d2b352a7-8979-4883-af97-7da1175aec95,4.9,12619,8.0
d82dd291-38e0-4984-9854-f362cc40870d,4.9,9089,8.0
8d6756af-83b0-4f43-b5f7-1a517e697b30,4.9,5470,6.0
967894c3-090d-47b7-81f5-8d94c1d6eaed,4.8,5118,20.0
ba8fd28c-5e40-4e64-82a5-2caf557ab80c,4.6,2134,5.0
124f8b78-58d2-4c1f-b85b-b8ed6718d4ff,4.5,2525,16.0
11d73c25-def3-4a51-b654-4d55736733a2,4.5,720,1.0
961106f9-5a38-4878-8508-deccb6e87d4c,4.3,956,14.0
053eb72f-072f-4aef-a836-35fcf90e6313,4.5,6346,9.0
f5785083-89c9-48b9-b3aa-46cebc986247,4.5,6346,9.0
c3952211-2bb7-4434-95c7-981e49a2d876,4.7,5505,7.0
0205969f-392b-43a8-ba81-57d4d229d2f4,4.7,5505,18.0
4c695724-abd8-4900-b7bd-8534b1d8ed3d,4.7,28729,15.0
79b1fbfb-1e1c-4c9f-91ae-bb45c220f6bd,4.7,28729,15.0
6b371c2b-0afc-4249-b48c-d61dc3113d64,4.7,5413,9.0
50d3c128-49e4-430a-87a2-69b78a88966d,4.6,10721,8.0
34e77031-d9a1-4703-9854-ef25ccf3d377,4.6,10721,8.0
05469e29-585f-40f4-908a-83b26a98d8da,4.7,4370,15.0
f88f515d-def7-4f81-b4c9-79b4e5077d56,4.4,6042,2.0
3d729511-55f4-4bae-9d98-169e868b3c19,4.4,23631,7.0
7cd998b1-3da6-40bb-853e-d89ff1c5f330,4.5,20262,11.0
78e81ab2-4e83-457d-afee-16a98231e8fa,3.8,47265,14.0
c698beaa-e483-43e1-92e9-9a748c2e6f72,3.8,47265,14.0
3db6a93a-7ddb-4b78-8b86-d15877511082,4.5,13964,32.0
dcb41307-2c88-4b10-9aa1-99bf0da72924,4.2,13677,6.0
915bf13e-1426-4499-8e3b-6015318e43a2,4.7,17323,4.0
b758bfa9-5b76-4b62-9477-a0946b2abaf8,4.7,17323,4.0
ce73e4b5-9900-4ecb-af6b-8535a23e2a06,4.7,17323,4.0
afa4ad05-4c4e-4145-bd0d-2ee95b614410,4.7,17323,4.0
a77facd3-5219-443e-aabb-a3a527378f70,4.7,17323,4.0
6269c000-f350-4fca-a1ab-7635a5cab465,4.4,1555,9.0
be4288cd-72af-460c-a892-88947fd01f42,4.7,3642,0.0
7f7d0f21-0682-40b2-ad7f-36f5885e72df,4.4,1215,9.0
43c15791-509d-42a5-b593-6751c5878429,4.6,5594,5.0
72285ef9-d7df-48b2-85b6-f355e3d8637e,4.6,5594,5.0
0ec9863a-5972-4123-8438-506aacd2bf39,4.6,5594,5.0
72a8e5b3-346f-4d5f-b836-f20de8f2bfa0,4.5,408,20.0
70e6c532-f079-48d7-8f87-b1d2457f0a23,4.6,4799,16.0
91ba913b-bc5d-4a2a-b30f-0abde15412f6,4.8,14038,4.0
1bdb94a5-9aca-4210-8f24-56e714a8b244,4.8,14038,4.0
cffcfa94-7e6e-41aa-bf23-9a50a6acd83a,4.8,14038,4.0
cf1dc132-2590-455f-a257-77d310af10db,4.8,14038,4.0
26b7c938-bef9-4322-ab59-5b9ea3d552ee,4.8,14038,4.0
901207fd-e451-4e11-bed8-d0793e6833c5,4.6,7660,12.0
06245b2a-2ba1-4dd0-a57b-a45f9f35f2d4,4.6,22288,12.0
b57bed86-d1d2-4832-ae8e-3ec09aa89c13,4.6,22288,12.0
64384228-3284-48c5-bfd7-a38620d86fc5,4.6,1365,11.0
a1bfa187-9e7a-4a23-8bb5-fdf187604b2a,3.6,14982,19.0
59bc5703-0b8d-4d6b-98a9-4016c52b86df,4.8,9568,9.0
6013493d-d39c-4714-930e-d981aa070f0d,4.6,1636,6.0
81a80ef8-c4f8-4fe0-a236-9cb92389a5e1,4.0,57271,10.0
1a2fd336-9a2f-408f-9fb7-8c5d9eca97f4,4.0,57271,10.0
1615b830-9ec0-4a23-8f3c-6175f2fdfb2c,4.0,57271,9.0
8cc2dd9c-e654-4a23-b3ba-32128e758e61,4.6,10141,6.0
20e3355c-026d-422d-bc8f-729a4006e017,4.5,3457,14.0
92d7aad1-6a79-48bf-a8a5-1da37efc6634,4.5,3457,14.0
a645761d-7248-47b0-8e30-323ea7060996,4.5,3457,14.0
3ed311be-b111-4c79-8c1d-b30814a5b615,4.5,3457,14.0
a0b4ba61-9cba-4fb6-9d70-d13fce470c02,4.8,8837,5.0
467ff687-8e25-452d-be42-1c8c53568b77,4.8,8837,5.0
9e4a16c5-4a2d-4c43-8099-38c4f0b36bb3,4.8,8837,5.0
251c3783-eef4-4181-b368-0fef7d210bc9,4.9,7038,7.0
b1ec2fa9-e619-4687-a1a4-2de30d52dc16,4.9,7038,7.0
62df5ff9-f8bd-4e08-834a-13a7d6f9d626,4.6,5972,10.0
64325ad9-6687-4c10-a5e1-b15d6fcfe8a6,4.4,25624,14.0
edfa90d2-a5da-4af8-b4ba-16e52b057747,4.8,5476,7.0
b9f19573-8fce-4dc2-bb42-a2f286a2f231,4.9,5867,54.0
43996d74-cea4-4699-9eeb-669e23f5c1cb,4.8,4148,11.0
84f9d23d-58eb-4fb1-b3e8-2f07554e3c38,4.9,19622,30.0
d19fc3cd-76bc-432c-ad62-e5f79a38745a,4.0,23973,12.0
a24ec052-919c-4a20-9e47-45e2b8798989,4.9,7758,18.0
7d7b5a51-be88-4345-8f8c-12999ce95923,4.9,3146,30.0
4b513347-c915-4c64-90e0-ef9e2a0760d5,4.9,10052,22.0
8c58ff79-8b93-48ea-a125-6038ac034ad6,4.7,3564,9.0
771b0f53-d6f6-4ff5-96ac-09f5dff5aadc,4.8,13471,52.0
5bc3f94d-5427-4d91-acc7-c4cdc512ca6e,4.8,1930,4.0
48a062e3-cc16-4e8a-8690-8202e6bc35e6,4.7,15779,10.0
8968a852-f114-4bfb-9b83-ab98a39f7400,4.7,15779,10.0
59eecd00-f532-437e-9418-83bf7cdda51f,4.4,15526,14.0
755da084-4075-49dc-8bcc-9d6375bac20e,4.4,15526,14.0
f33fdc77-32fe-4071-b115-6f6dc8b30ff2,4.8,3776,22.0
f9f55717-ad84-43e9-8bc6-a29f3627334b,4.7,25001,11.0
2ed171d8-0022-4231-914a-32f52c8d66bc,4.7,25001,11.0
96465aee-cf50-445a-bebc-8c14dcbf336a,4.7,25001,11.0
ed7ee5dd-039c-464c-9593-84a29729fe63,4.7,25001,11.0
791018ca-66e9-4ac1-9762-aa4611e9b4c5,4.7,25001,11.0
6c2e1b25-f30c-4c89-8499-0445a0c84fda,4.3,5272,16.0
f95f2bc7-7114-4a6f-a267-89f2f7f77ce7,4.8,3490,15.0
0189c223-1f3d-4b55-ad70-a7443cb64406,4.8,3490,15.0
4e1ad2b3-cd7e-4f02-8125-cf5a9a13e544,4.9,2812,17.0
893e990f-719a-4b14-ae2d-ab184063bfcd,4.7,4896,17.0
4ed83ed2-b3e0-4c8d-b9d7-1483334fed00,4.8,9737,7.0
779602cb-df53-4330-8eb7-ef8affea45e8,4.6,1320,7.0
7f82fa61-36a8-4e3e-b5a9-58581daa6593,4.8,16643,4.0
ea297f23-7d12-4699-8c04-51875cfcccd0,4.8,16643,4.0
ade615f5-4974-4477-9e1d-e2851f784093,4.3,7153,9.0
95cbb998-8a9e-4245-96be-72a11f7d0dd2,4.4,4571,21.0
e4086f67-66e9-4b12-84f5-633ecf7a72e5,4.1,29651,14.0
cfcd7e0e-d065-45d0-8423-80ab963e7942,4.6,5299,20.0
34350b07-74b2-4f2d-9c2b-f9116c4261a5,4.4,7396,13.0
aa610fc6-226e-4317-9dc6-dbe5ce315737,4.4,7396,13.0
79621565-f2dc-46e8-821d-bdbc86a480d9,4.8,7062,12.0
3f9f347f-6c25-43f2-bda5-19e5802fefd6,4.9,19576,8.0
f3c0745a-b866-4c8d-bf34-d18490de4f2e,4.9,19576,8.0
1491395c-b4a6-42d8-b68e-8d1c153784b8,4.9,19576,8.0
097bf3ed-95f3-453e-9111-e6d1d9bab22a,4.9,19576,8.0
aaebf21c-323a-473d-8c85-5646e504176b,4.9,19576,8.0
83986a9d-0801-4730-a950-280f69e62bba,4.9,19576,8.0
3b825e99-91de-426e-ab25-1a7dd23c230c,4.6,978,0.0
2a63a603-5f64-4a7c-b9fe-8d3b1dea0ae7,4.5,4748,12.0
2b39796f-283f-4da5-a312-ff05a5bbc4b7,4.6,8393,17.0
52273eb8-bf89-46b0-83d0-4d0ac273337d,4.5,11391,12.0
707786de-4507-44a9-99f8-5435041695f8,4.6,8634,25.0
63459a75-2d8c-4b4e-8e4e-b62c5f27547f,4.7,9342,10.0
da7bc449-3a90-4072-8b86-11818347a17c,4.7,9342,10.0
ac9e24fc-0563-47db-97f7-24a7d22b4d56,4.6,10927,6.0
2a6172b2-4d52-438e-968f-b1af21de1c6b,4.6,5235,5.0
f8c61bb9-6687-4f5e-92be-8110225393cd,4.8,8916,6.0
0f24bcf9-ce18-495c-a7d5-14129531eae3,4.8,2507,8.0
1e97c841-4928-4aa6-9f4e-ad35d8bb7187,4.5,3673,4.0
79fea8b2-d7ed-44e0-99cc-addd302ccd34,4.5,3673,4.0
ad5f2dbf-67bb-44be-ae3d-546fbb6f1770,4.5,3673,4.0
9c8fd92f-4548-4afb-a6d9-8fc829a3631e,4.9,11881,13.0
26c8eede-c415-42a4-bc38-2b4db1209f07,4.6,6990,4.0
459d2d91-00ce-49f8-9379-1d8752f0c7e8,4.6,6990,4.0
adb485d9-9fe6-485e-9d28-15fa16d4e5c8,4.6,6990,4.0
ebb84a04-b0c0-401d-af41-cc61448bacf1,4.6,6990,4.0
2b88d74b-b396-4874-801e-7a5f32b4aebb,4.6,6990,4.0
4447be8a-4262-47f8-93ac-137d3cf94fb9,4.5,6132,13.0
fb777655-a548-4a29-beff-fe134a9a2e47,4.5,3014,21.0
7bb2fee5-e2c8-469c-b5d4-27e6e6279a9d,4.4,7550,6.0
b72bc46f-e1d1-45d2-9cc4-2cfb7f67f6d2,4.8,3828,15.0
54909561-867f-470c-a9cc-121a8a48bd70,4.5,2752,18.0
11d20aed-535a-46db-8b37-5ac8c4a8aa0c,4.1,1467,10.0
d799cabf-84dd-40ec-84ea-22d551f7aefb,4.9,1884,0.0
e87bf336-3127-4327-ab46-7f56f52730a1,4.5,25706,12.0
9f137d23-bf3a-435b-8ed6-89d8f59238aa,4.5,8491,7.0
ec3e69b9-98dc-4d79-ae9e-382c81839559,4.2,1649,13.0
d930271c-7b4f-4e1e-997c-6da4da1db787,4.8,18613,5.0
768144bc-551c-4da2-97dd-aec69d1941b6,4.8,18613,5.0
b7d1b0e0-6d71-49da-be1d-a50cd8b4eb4b,4.8,9867,16.0
4c6e185e-aa8b-432e-959f-ef9add4c8ad3,4.5,1386,20.0
0cd6dc63-cc0d-40d4-9325-c220412cc609,4.7,10199,11.0
f54eb550-c45d-4159-b878-6ec87f7cbbf6,4.8,2926,27.0
0cc6e155-8070-4506-9a8d-cad69c9dbfe1,4.7,17739,8.0
ae53efbf-c05c-4ab2-a270-7ca2151fc3bc,4.7,17739,8.0
ada65111-edc2-43c7-8ab8-19421fb40804,4.7,17739,8.0
fbd09d08-5fb3-46e9-b207-40233e9340ec,4.4,3113,6.0
17f9ef35-b3ea-4812-89be-1cd1079d8264,4.6,5542,10.0
ac1af3ac-78e2-484b-a5db-08b6887a053e,4.6,5542,10.0
8a6a9492-46b4-4368-983e-5dedf98ea605,4.6,5542,10.0
ddcc3d29-4dca-4fcb-b181-c1e49b075529,4.5,26741,8.0
c3461af6-1d6e-40b6-b4a4-be8550320817,4.5,26741,8.0
69cb40a1-3d69-425d-ae78-abf223009f20,4.5,26741,8.0
913a39fb-37f4-4e22-80e4-2955ce5e7458,4.8,5347,16.0
708b01c2-95ee-4c8e-b907-e3238d4d4e28,4.8,7866,11.0
04797573-27b3-4cf8-9fa0-bbbcbc391b4e,4.6,5680,10.0
a9f58f4c-7b97-490a-ac7a-f3e186c55d59,4.7,5178,9.0
ec995fe5-43c2-464e-9d21-9b697f44510d,4.6,8093,14.0
4697efe6-731a-4e79-b8d9-17bda787a3cc,4.9,3192,22.0
bcda9d32-be5e-4490-aac5-0d789deec073,4.9,21834,8.0
f5df6e2e-e060-458a-8e75-fb3edbf5619b,4.9,21834,8.0
ce66f36b-190d-4674-9aad-47d1205124b6,4.9,21834,8.0
6bf26c9f-252d-4387-941b-303ae5b737e9,4.9,21834,8.0
c3925c2e-b9f8-4515-a6e6-0857719bfdf1,4.9,21834,8.0
23d764a3-0e71-49ff-b730-40845b26c16f,4.9,21834,8.0
0b7a121a-eb80-4b2a-9a97-96859239e921,4.9,21834,8.0
fd8f654d-609c-4ccf-9d36-7ab54409e084,4.9,21834,8.0
7acb2be5-a87a-4260-b47c-f48895cbc5a0,4.8,6169,7.0
a2d9ac24-ef37-4244-ac75-7c67c5b8cd60,4.2,4519,12.0
fae713dc-19e7-4c6c-9799-8f2b6ad6621f,4.6,3163,13.0
175e8c00-b5ef-4351-aa11-5b5c5a37b976,4.6,3163,13.0
6c207c3a-6a54-48aa-afae-8f4c7c1d55ad,4.5,1831,9.0
c7544015-9add-4de4-83a5-7e5007e4d585,4.3,18904,13.0
d2947ea4-4598-4541-870f-7b0bf5e29e30,4.6,21930,11.0
1fa64e10-1d79-4796-91ef-509f9eed8749,4.6,10426,20.0
a8157d3f-6337-4fe3-8fea-c0bf87371500,4.6,10426,20.0
68a1ec7c-dbb4-41b7-ac43-8b760add2f41,4.7,10820,5.0
c40cad61-9fd2-4689-83b3-0ca4a1f7d45f,4.7,10820,5.0
00be9e61-92f7-4685-91da-e84ebb9d8915,4.8,548,2.0
1a9dbbe3-17b1-4830-831d-3645759d15ca,4.8,16990,27.0
f146d533-d8ec-4c8f-a2e5-c1cae62ab18c,4.8,16990,27.0
87f43d94-31f3-41d5-bb37-aca118ad47fc,4.8,16990,27.0
5d0b2a0c-582d-46a6-b475-78a7cf444c19,4.7,3503,9.0
d0de2855-c3fa-43e7-9e0a-45a3a86e8421,4.3,13616,10.0
1f99b543-1636-4455-bb79-7df3f5cf14b3,4.3,13616,10.0
537da05f-e766-4c84-a334-946ef4973264,4.5,8580,46.0
ef407ddc-1031-45c9-ac08-55f1b269d065,4.5,8580,46.0
c727e7bf-68fd-4401-94bf-e4e8ec573f97,4.5,8580,46.0
0a072d44-35bf-4b35-9c71-e662ed7bf8e7,4.5,8580,46.0
9e743202-5b54-442d-a1b3-5f6e07fe7709,4.5,8580,46.0
6fc457dd-e0c2-42f0-a3b3-d9f23c7e380a,4.5,8580,46.0
0153cbc7-7ffd-430b-a0d0-bedeea18f853,4.5,8580,46.0
bb34c683-76df-485e-b64c-d419bbd9120b,4.5,8580,46.0
146de504-ff7c-4b80-9d98-7cc683abf04c,4.5,8580,46.0
ca685d78-e361-4a99-8961-04f49388283b,4.5,8580,46.0
88f30a83-6507-47e8-8a75-00dc53222473,4.8,4757,4.0
dea964f5-e1d5-4ed9-a0fa-ac73f3db8f16,4.6,10009,20.0
8ef01552-622c-490d-9a2d-81d54107f956,4.6,10009,7.0
0da0e7fc-72c3-4d22-932c-6dba5c8facfd,4.7,1985,9.0
cfc0e3bc-e79f-484c-9dfe-d04b78c649b1,4.7,1985,9.0
3e7dedfa-373d-4d49-a7f8-d569849ae594,4.6,22536,12.0
082c83ae-b669-4501-a5f6-867085e7930c,4.6,22536,12.0
3b8d89f0-75dc-48da-b6aa-cf1d5e0d4193,4.9,7150,12.0
f1499d85-99b9-4700-aff2-46044e923e15,4.9,3836,12.0
3b7b33aa-d8a1-4066-8747-d898986cc317,4.8,7802,20.0
e6cf5abf-fb1e-4cb1-a895-43cd78516835,4.8,7802,20.0
7f117dfa-1062-4ad3-960d-a9ae4f2c8dcb,4.6,3619,10.0
a8f5c758-3cef-47d2-bce9-3701150b3dce,4.8,23047,6.0
fbdd3d1c-9685-4d9f-ab47-43702c4cf59f,4.8,23047,6.0
6c56fba3-6de1-4a52-b987-75bd93491350,4.7,9366,9.0
0bd56eec-d8af-4a4b-b44e-dc31b3ce23ae,4.7,1265,11.0
170ea1e1-afa8-43bc-8bee-d4e2939751d8,4.8,3923,16.0
63ff3cc1-4356-4cea-8bbd-6e659dad2e33,4.1,2272,6.0
10e51267-56b5-48e9-a984-fee907f193b6,4.7,973,25.0
91063dfd-c017-47d2-91fd-c615b45bc991,4.6,220,17.0
682b9ae5-cf41-4ff7-bd1a-6fecf0d4cb0a,4.6,7827,20.0
592d41f4-3e97-4954-8754-fe98cd20b587,4.6,7827,20.0
ef17f519-79fd-40c8-ba54-9d9e3bc2c5d5,4.9,9382,6.0
5d758c0c-3ed6-4f40-b66c-33a210d40fb9,4.0,5069,17.0
94d318ef-b004-48af-bf44-31d4efae3274,4.0,5069,17.0
3b0a5a08-159d-41c2-8322-f330d6056c9c,4.0,5069,17.0
78732ec9-7d91-4692-8062-e6f99064d723,4.0,5069,17.0
ee96e71f-2f98-438f-b18c-1ed47c59044f,4.0,5069,17.0
894b7726-59cb-41a0-8f20-009751cbb514,4.0,5069,17.0
9adb9767-346e-4c53-b6e1-fb01ac9ff8a5,4.0,5069,17.0
5dd71b3f-e3cf-4766-9b3c-96c21eaede74,4.0,5069,17.0
302d42b9-aa18-4493-ba39-fdf298406a73,4.0,5069,17.0
1ec99232-40ae-475f-86e3-3f2dd2d35693,4.5,1583,18.0
d52a9b47-2c6a-4094-8f2f-fd614645d375,4.6,1907,13.0
d7badf18-eb6c-43f2-b74e-0b2db657c8ba,4.5,23114,18.0
e1b45d11-1961-497e-b53f-faf8e99ecd0e,4.4,637,20.0
43838901-dbc9-45a7-a5b1-bee3a6f591db,4.4,637,20.0
18c30fdc-900b-4298-a13c-0fe78fd8ca90,4.3,2314,22.0
cffbf227-3d5a-4256-bfa3-d76024d37a6e,4.3,4587,21.0
a1c27d39-1cf6-4121-ad18-223d37d083c4,4.7,3477,28.0
775db098-05a1-4b7f-ab4a-ebcc4588da97,4.7,3477,28.0
ef97ff10-80d7-48dc-a16e-83c2f11f997e,4.7,3477,28.0
0d38bff9-7d73-40c5-91fe-51098aaeb6c6,4.7,3477,28.0
ec8e186a-a9e2-4b91-80b9-e1417da689c6,4.7,3477,28.0
c7f33d35-ca6a-42e7-adce-93e04ab410ae,4.8,25554,8.0
08f8e582-a022-4982-a366-1341865dc1f7,4.8,25554,8.0
c0f3986b-1bb5-4bf9-a2c2-a2ddea5c4a22,4.8,25554,8.0
ce723c32-47d4-425f-b142-96ddc285b2b5,4.8,25554,8.0
f6065998-3f21-4644-8e0a-336aa8efc207,4.8,25554,8.0
bb444eeb-04d8-4847-856f-4ccd85f2e23c,4.8,1680,12.0
e9fa65b7-e16b-4ea2-b34a-11a1500905d4,4.6,9325,24.0
d011b1f2-3ced-4e4c-9bbd-8980eb9ce3d5,4.6,9325,24.0
8c1e0793-7000-4b3a-89fb-181883e2b650,4.6,9325,24.0
aab10c21-55af-4f9d-86f2-586119c61e2b,4.6,9325,24.0
08c12cef-26b9-44b2-a11a-c84b8bea0a8a,4.7,4725,16.0
6d1d5dac-5780-4772-b336-507a1a443d06,4.7,4725,16.0
eb2404e8-e432-401b-af01-6289bdeea166,4.7,4725,16.0
ff5717c0-374a-48e1-8894-2049359cdf33,4.7,35799,39.0
e93b6b03-570c-4023-8a37-512c3db32f71,4.6,2580,9.0
86f9ad60-74e0-4113-bf50-71a5915d34ec,4.7,11813,10.0
a3255516-af29-4c36-972c-3a4ec59e00a4,4.7,11813,10.0
266dfaf9-84b7-426d-8ee5-b7adb50b8f33,4.7,3536,17.0
05c5efac-bf72-454d-a3aa-8ed41509ac2e,4.8,6600,11.0
724bdbd3-c3c4-471a-9888-b8655c864641,4.2,1789,14.0
cd04ea6e-aba2-47d7-8b73-cd9cdf178921,4.8,12361,12.0
016e86fa-e2fd-41ea-9bc8-364182372c63,4.7,858,53.0
647f8578-b7e4-4149-8780-e2eca9a35dd4,4.6,23148,6.0
b061c0c4-f7e9-4fc6-a032-b543bf994fbd,4.6,23148,6.0
d1e4cec5-78e6-407a-a4a8-efcf25d2806e,4.8,8081,8.0
ec71878b-c054-43c1-b99b-2a4c0ebfd987,4.8,8081,8.0
9c6c6f00-e83d-4282-b5df-ba12c9046b77,4.8,23358,12.0
2f3d45ad-f202-4560-976e-0b68346f8a05,4.8,23358,12.0
f2c8d270-7673-4edf-943e-2fca4fdb17fc,3.3,9372,12.0
a2936031-93fe-45ed-9c60-0d16b66c11bf,4.7,4633,21.0
616fc11e-23a0-46ec-afa8-b6960a3b1eee,4.3,13061,6.0
fbf9b6df-8ed4-49ce-950e-36289a8b56c0,4.3,13061,6.0
44f79ac0-2b3d-4387-b1b9-11144e1ac68f,4.3,3523,13.0
efba352e-a36b-4234-8b59-80f6e2193b7c,4.8,2774,0.0
623f5523-4d72-45b3-8e7f-7f6e1fbfae1c,4.4,440,11.0
ae780259-d278-4b2d-8426-774d54b34655,4.8,8922,9.0
e2957431-93df-4d90-8ecb-e91d6472655c,4.8,8922,9.0
991af77f-4cfb-4061-b08c-7f805fcd4519,4.8,8922,9.0
59adb754-0e38-4c59-ad8a-a30cae79f383,4.1,2023,15.0
522b1d02-b3e6-4881-ad80-5f5f696f0d9c,4.0,1859,11.0
cd8ca5d7-f753-4d13-8853-d252e0f1b394,4.7,50482,13.0
7b5e1de5-6c7c-493e-b0b0-fd38bf926280,4.7,50482,13.0
8f6153a6-df35-4fb3-8163-8cfe5e225814,4.7,50482,7.0
802a9224-5df7-4670-ba3f-5a17115525fc,4.7,50482,13.0
3f970118-c66f-4ae7-abbc-f2242dce9432,4.6,3207,6.0
20b5aa5b-2f1d-448c-8d60-0e35aeb7ea97,4.6,3207,6.0
ae4826b4-7700-475b-955b-d0d046382603,4.6,3207,6.0
855014b4-46cd-4f89-bd37-e81b51589865,4.6,3207,6.0
726db433-fe75-4aa1-87d9-4b8d57a861be,4.6,3207,6.0
90e07d75-0621-4c9f-8f07-fcd36d3419d3,4.6,803,9.0
e075d05f-31f3-432a-b9bb-310b819e4307,4.7,23308,6.0
dd1f832e-b0c0-4c73-983a-90bcba490e09,4.7,23308,6.0
ac249b50-183f-4b8b-9f09-13c069716768,4.7,23308,6.0
82e10657-f386-435c-be01-0bdf5270547b,4.7,23308,6.0
48f39bb6-57ff-4b8f-8dee-cfd148661981,4.7,23308,6.0
e248672e-e159-4e4d-acfc-4c05d9140a28,4.7,23308,6.0
a705c53b-ce92-47ee-b68a-c02fed1a824f,4.8,5836,0.0
731d8ac4-6643-495c-9051-196cb77f616c,4.1,79446,18.0
b925f3dd-cc1e-44d5-a263-62e57dd62707,4.1,79446,7.0
195ffd15-90db-47b0-88c0-57945935a7f1,4.7,7747,14.0
6bc8f9eb-1c63-4686-927a-406d35ee27ac,4.7,7747,14.0
2e6d99ed-b2b8-4ec4-b3a8-8d0c848dc7be,4.7,7251,9.0
2ff3fb25-4399-4e5d-a344-9e77ae2e605f,4.7,7251,16.0
8d525369-98bf-4a3e-8ab2-6923c6126056,4.4,10559,2.0
4e36c708-ea9b-46ec-8f1c-54c93a098e7c,4.4,10559,2.0
476697bf-e5a9-4dfa-8a53-bfeac15891a2,4.8,5249,5.0
f3b00ad7-bd95-468e-b76d-2c4dbea86ba3,4.8,5249,5.0
aea23388-c491-456e-b10f-fa5bef5e58e1,3.9,33844,20.0
c20d8795-86ae-47a0-9dce-3c72ad134c1c,3.9,33844,20.0
849b20b2-a2f5-42cf-80a1-87ca64545f05,4.4,11616,7.0
a8d1bff0-69c7-4661-a318-0f582d3ff9b8,4.4,11616,7.0
e20733a1-11c0-4431-b472-80279e7b6de6,4.4,11616,7.0
2ab98074-fda2-472d-a107-df587453a1bc,4.5,13609,14.0
adcf4bb6-21bc-4f26-9479-25cd3c1ef059,4.7,8587,10.0
d5287e6f-4923-4d29-ba0e-ed4f973e11cf,4.3,29442,7.0
6e76dd49-5b2b-48ed-a80f-513b83285300,4.6,11098,13.0
5479af38-50ad-4e1d-90b6-88580cdf06d5,4.8,9947,11.0
235a2bb9-a570-4662-95ca-a8fc652b05db,4.8,13871,6.0
74b95616-f64a-4bd3-9b9d-69fd816ea0a6,4.8,13871,6.0
095c2f09-9512-4acf-a87c-2201dd605ddb,4.8,13871,8.0
f97e9265-8735-47db-b317-249c2736c04d,4.8,13871,7.0
ae1f641d-561d-4b9c-ae2c-9b02828ba3bf,4.8,6982,14.0
726e4d47-d931-43dc-81a3-f8849e2acb1e,4.7,32122,14.0
ba02ffbe-9ee1-443d-b083-597b2252d115,4.7,32122,8.0
36c4e082-913b-4377-9d5f-e5fc3548a754,4.7,32122,8.0
f261c69c-ba04-480c-adc9-af7adabb9f49,4.8,16949,30.0
0632ab4f-1e20-4a9e-a5de-25989addcf42,4.8,16949,30.0
29b807a7-9201-4322-b83f-bd5be90e072f,4.7,9289,13.0
63fafda0-b0bd-4dcf-a4c3-b75000343343,4.7,9289,9.0
2c6c9c70-1a3b-4b4a-a64d-97b696a2f750,4.7,9289,9.0
940cbb2b-b942-4570-a3db-ba92e7665ebd,4.3,7368,7.0
c8494732-3302-468f-a615-0f8ad28e66b9,4.3,7368,7.0
a45b6a28-9916-4b19-9817-5b9c4be34f42,4.7,4028,9.0
b90fb368-a78b-4567-b803-4fbc06156c7a,4.8,4628,7.0
ae4ec998-db5b-4df4-8743-afb74630fb35,4.8,4628,7.0
f32834e9-9a25-4442-9a42-7d8c7710017c,4.9,5396,20.0
f60c1f01-448c-451b-b28e-e8ccc20be0fe,4.4,4247,13.0
be893ca8-34e3-4063-b4fb-aae7f1d013a8,4.4,4247,13.0
5c50ce67-3712-4535-a54c-13cdb9024266,4.5,22641,11.0
5c4807d8-9956-400d-a2ee-d253ce075ab0,4.5,22641,11.0
bec2959c-d115-49b2-951c-e5fcbc703e65,4.5,22641,11.0
dad4ecf0-1878-49c5-b592-76623c5084e7,4.5,22641,11.0
fb493642-72de-4fa3-ad8c-7c615e717810,4.4,6222,18.0
248c6076-2a35-4eae-8204-bdad319f4377,4.8,4506,14.0
081035f8-92ea-4ea3-8247-89b6d216a1c5,4.2,8747,19.0
bce41943-e1d3-4820-9647-6e72a12e8946,4.8,1655,13.0
82ea6ede-ebe6-494d-a5b8-f476daa33a6d,4.9,7861,5.0
b6c0eced-ab8e-436b-ae6e-ef277d0899d4,4.8,6247,10.0
647c9bcc-26f5-40f2-8bb5-a2084daf5d53,4.7,39459,9.0
5d4fdafd-ada0-42af-bd6d-fe86229cf84b,4.5,10101,8.0
72074fa0-7d80-412b-93c1-641f4b439cbd,4.8,5898,8.0
dac4b326-bdb5-43a4-9dc7-8d668d5cf50f,4.6,2744,12.0
46018926-9a2f-468d-8c92-1fe51101a97c,4.8,49288,11.0
6578b091-03b9-4b56-8ff8-9ae4169847d5,4.8,49288,11.0
4198192d-610a-42f8-8f41-f5768891d8ac,4.4,1201,40.0
c6cd6bb2-0482-41ae-ab62-108c9e7af6eb,4.4,1201,40.0
bf15aff7-711b-4427-8419-1d336401066d,4.4,1201,40.0
5cd54b9c-e237-484e-bff9-0e0fe75ac012,4.4,1201,40.0
54106149-3639-45ae-825d-647cba8dc7d1,4.4,1201,40.0
4143b953-a0b4-4c67-89c0-6b6bd52ec288,4.3,807,36.0
128dc202-e760-4a6c-a39e-93cbc6f5a43d,4.3,3759,16.0
056aa047-4327-4b59-8e7a-8a811e5caffe,4.8,2663,17.0
695936fc-7e68-404a-9d54-0b6781e9248d,4.8,3428,14.0
42f73dec-f5d1-4c42-b81e-106f96ff1f6b,4.8,2876,21.0
be497a4d-5a9e-4723-aef3-0f67a3bdb60d,4.5,3601,18.0
d4a889b3-03c5-4782-99b0-102284bdd7bc,4.4,7058,17.0
3dde75a6-f30a-41b6-919f-262e9caeb34a,4.8,9784,5.0
e39e27e4-f0d2-456a-94ff-208bfabf7a0c,4.8,9784,5.0
9847267e-c298-42b4-90db-92b104437aac,4.6,10795,21.0
f07a50cb-376b-4810-812f-541702279453,4.3,10191,18.0
758471ef-609d-4176-af02-d31cb35f1158,4.3,14493,18.0
bd7eec3a-1ee9-49f4-bb82-40da981d6e5d,4.6,2186,12.0
762f9eb7-5416-4d98-a276-de2c8f32290e,4.6,1204,14.0
54bc5de2-6917-4d01-b5ed-25aecc49c226,4.8,2091,12.0
542a3870-afd2-4c6c-ae82-ec4fa698c42f,4.6,19720,8.0
bafe1b55-4088-437a-ba69-af3dab5b9390,4.6,19720,8.0
3294a8aa-7394-4794-8cc9-3854ba963188,4.6,2122,0.0
451697d2-f828-49ac-a044-937ee20ce96c,4.5,27536,14.0
9869cbd8-7d32-4af9-9e81-7de131677da0,4.8,4290,10.0
dab68d11-cd1f-4953-ab54-cf8e87f9111e,4.6,26490,15.0
4e95c9f2-5072-4d9b-af08-13f51f1f69e3,4.6,26490,15.0
9cd964ed-2c35-4e9a-8cc2-d87e693f89a4,4.6,26490,15.0
b11a96ac-aaee-4968-acc2-184d32ef45b2,4.7,5487,9.0
fc1966ff-a17f-4caf-9803-100353ebbd46,4.7,6377,7.0
c1f841c2-3f9c-4308-8992-07b80973fb14,4.7,1463,10.0
5f37f274-4dc5-4799-801c-ab2e520ba54f,4.4,3759,6.0
46b027f2-411f-4b2c-9084-802a86d27382,4.4,3503,9.0
acc3e036-d0fe-4b71-a860-1189ba7959ce,4.7,11550,10.0
0aa454ba-f0bc-48e0-ba6f-2f2e60f12f4a,4.7,3801,82.0
a15519d5-666f-4057-9655-ce24b07da1af,4.8,3796,12.0
9b4156d1-cc4c-4e2a-8f1e-1c6e01913f8a,4.7,9030,10.0
36136647-b7cd-4647-afd4-3e01c809b8b4,4.9,19546,5.0
ba9d531a-3b9e-419f-8917-18be860a5eb7,4.9,19546,5.0
d305c859-3c6a-46e4-99bb-0a7ea638a1f3,4.9,19546,5.0
dcc52a50-659b-497e-bd66-2d0f81ebaff8,4.9,19546,5.0
fcc32614-3cc1-45bf-ae40-b454e78b1fce,4.9,19546,5.0
89f283cc-8b61-4067-8150-bd39368b4e90,4.9,19546,5.0
ca0b88a8-697d-49a3-82cf-761d53cf4358,4.9,19546,5.0
3e23be3a-40e6-4bd1-ac26-722baa6e20c1,4.6,7508,16.0
c3d4f92d-8d5c-41ff-9eba-a8849cf97209,4.6,7508,16.0
3ee791e9-25c1-449c-8e26-7f105418ed49,4.6,7508,16.0
6d93c12a-7c91-4b96-a9a2-071df6ada9de,4.9,8842,10.0
a572d36e-c64a-4f6e-82b2-77252be5a598,4.9,8842,10.0
d658e102-e36b-48a8-a1b0-ab0dbfb2fa8a,4.9,8842,10.0
27c726ba-cc93-4dd4-816c-e29bf953d892,4.9,8842,10.0
f6043557-f8f3-4f0f-96a2-a807d73e5226,4.8,30183,4.0
ed14429e-045a-411f-b7de-e96d24f12ac7,4.8,30183,4.0
f9e0fa45-f7b5-4498-8514-7814e32280dc,4.7,6169,16.0
7aef5cf5-97d1-442c-9d7c-eac8a653c395,4.7,7034,15.0
3fb24be2-987d-4680-8a49-136bbeb65d00,4.6,11034,19.0
63664f64-e558-4933-8f86-c9fd6d037f7b,4.6,11034,19.0
276781cd-8a7c-4cfc-910c-c3fdaaf265fc,4.5,7932,9.0
dfe594ab-ffcd-49e6-b6c7-b20921fde454,4.5,1904,23.0
65581a45-3f7c-40aa-be5d-650f119f8e18,4.3,3319,11.0
f690d469-0973-4e74-a9e0-78cf1ee8c0bc,4.3,3319,11.0
88d0fc3b-0d44-4e78-9be7-25836051efd7,4.6,11128,23.0
f768b686-8ab9-4529-b12c-ba8c804502e8,4.6,11128,23.0
56f441ac-538f-4128-8870-ee7cc3ff5208,4.6,11128,23.0
c891be30-edb5-44c7-8c37-57d7194682ab,4.6,11128,23.0
f78c97bd-74d2-4a0c-812b-c95884be1dd8,4.3,5977,12.0
9a035e89-50e0-4313-994a-95afcf36ab2f,4.8,26234,0.0
d3ce6af4-afe6-4f06-aa08-550a702cd5bb,4.8,26234,0.0
ed2b6452-7228-44f3-88a5-28c99b3001eb,4.8,26234,0.0
59b804c6-0332-48f5-9fad-d2cefd4d69b5,4.8,26234,0.0
e460aad3-04fd-4120-ad22-d6582f5511ca,4.8,26234,7.0
9cdb18ab-645e-4a28-adf8-9d99e9391409,4.6,4360,21.0
4b39fbcd-790e-457a-b1ed-987fe4392c09,4.8,2282,21.0
6b7b47ec-d564-4b64-aa4d-88c592b3ffcb,4.5,438,15.0
e396d9bc-a89e-479d-8ae7-dd5ae8dee526,4.7,11676,9.0
6b625c34-8e87-4b08-8620-8628e14ca72b,4.5,2586,5.0
d374803e-f01b-42fd-b5cd-fcd5c3c5f53a,4.8,29673,16.0
fe22b6a1-d89a-45d0-a180-e49c2b055601,4.8,29673,16.0
0182543e-52aa-40af-b9d3-70519f15df77,4.8,29673,16.0
7a8ec755-7146-4a77-a50f-468bbce135e6,4.8,29673,13.0
212f54a3-3874-40c1-9d39-3b93d8234319,4.8,29673,16.0
df80c7c2-3186-40dc-a244-9769e97b7426,4.3,6740,20.0
33b57ea9-e281-4bb5-aa20-9f0a00e26ec7,4.9,5956,11.0
406eb2e5-01dd-4bae-9d36-0788bdcc071c,4.8,6108,4.0
ff5cfc42-1ca0-47f0-a430-6dcd54c5eada,4.7,4585,9.0
98408163-19d2-44fc-9b75-72a48fb8b59c,4.8,3829,42.0
d1bef2c0-0e18-423f-8831-7bb4febed0ae,4.5,8958,12.0
0804d9c3-03ed-469f-84f5-7ac941cadb73,4.6,5492,18.0
2c2b3b4e-33d4-4d93-b2d6-2c0a60d0bc5c,4.7,9292,17.0
c7d06240-2a71-4360-a343-6abb725da318,4.7,1873,14.0
0d5273b8-ef03-4062-8e0b-c3ad042d1f94,4.8,8170,13.0
90cd67d3-7d4d-4014-986b-6781edce9293,4.4,3341,9.0
d651405c-0fa1-4c40-9a6c-59fefbe9e568,4.4,7497,6.0
54b53457-9f18-4012-8828-33fbd0065bd1,4.4,7497,6.0
6de007d2-978e-4b41-bf9b-70834263156e,4.8,13779,14.0
7092b761-2d2c-4b80-97ed-f1e69173a3d4,4.8,87841,15.0
577d2e38-cfd0-464e-8184-422e78356295,4.8,9967,13.0
d9183b80-9f0f-46f9-bfc0-82ecbf68237d,4.6,6669,12.0
d4bff550-aa4c-4363-88dc-d75d8cb7fdd6,4.4,17044,18.0
ea4001ac-5b8c-4b19-9ca9-ce430a093dde,4.5,10760,15.0
176b3a87-99fb-47f6-97e1-cdc93194f7ff,4.2,1302,11.0
a6dde075-9312-4017-8ee0-7dc82ca13f84,4.8,21625,9.0
c1387b87-5e3a-44bb-b6fb-c4591bf0bfcc,4.8,21625,9.0
3802c515-c400-4f9a-94a3-cab884a7b39d,4.8,21625,9.0
a7d01443-c898-43fc-930d-2d97793ab98e,4.8,21625,9.0
1d426904-13ae-48f6-92e3-8443812a54ba,4.8,21625,9.0
f7e00707-9dc8-4b61-bac1-5fc934bc6cba,4.9,9413,8.0
ad8d222f-a71e-491f-8423-7a0858234e00,4.7,14331,8.0
730cfcf3-16cf-4242-978e-3729a4fd93c0,4.7,14331,8.0
97d31a55-5cec-43c4-bf9e-444edcbd3745,4.7,14331,8.0
4046b21a-0e58-4efc-890b-648c771788d5,4.7,14331,8.0
